{
  "token_acc": 1.0,
  "tag_acc": 0.8902867898,
  "pos_acc": 0.9645846748,
  "morph_acc": 0.9496780584,
  "lemma_acc": 0.767988907,
  "dep_uas": 0.8884152313,
  "dep_las": 0.844124424,
  "sents_p": 0.9238474107,
  "sents_r": 0.9556527171,
  "sents_f": 0.9394809557,
  "speed": 11674.1046587064,
  "morph_per_feat": {
    "Mood": {
      "p": 0.9670731707,
      "r": 0.9588875453,
      "f": 0.962962963
    },
    "Number": {
      "p": 0.9924906133,
      "r": 0.9881619938,
      "f": 0.9903215735
    },
    "Person": {
      "p": 0.9647058824,
      "r": 0.9626467449,
      "f": 0.9636752137
    },
    "Tense": {
      "p": 0.9193341869,
      "r": 0.9447368421,
      "f": 0.931862427
    },
    "VerbForm": {
      "p": 0.9634920635,
      "r": 0.9619651347,
      "f": 0.9627279937
    },
    "Gender": {
      "p": 0.9575571346,
      "r": 0.9489912448,
      "f": 0.9532549469
    },
    "PronType": {
      "p": 0.9906347555,
      "r": 0.9844881075,
      "f": 0.9875518672
    },
    "Definite": {
      "p": 0.9972789116,
      "r": 0.9945725916,
      "f": 0.995923913
    },
    "NumType": {
      "p": 0.9706840391,
      "r": 0.9738562092,
      "f": 0.9722675367
    },
    "Voice": {
      "p": 0.9146341463,
      "r": 0.8823529412,
      "f": 0.8982035928
    },
    "Polarity": {
      "p": 1.0,
      "r": 1.0,
      "f": 1.0
    },
    "Case": {
      "p": 0.92,
      "r": 0.9387755102,
      "f": 0.9292929293
    }
  },
  "dep_las_per_type": {
    "cop": {
      "p": 0.8376623377,
      "r": 0.9214285714,
      "f": 0.8775510204
    },
    "root": {
      "p": 0.8990990991,
      "r": 0.8910714286,
      "f": 0.8950672646
    },
    "det": {
      "p": 0.9636563877,
      "r": 0.9636563877,
      "f": 0.9636563877
    },
    "amod": {
      "p": 0.9261083744,
      "r": 0.9170731707,
      "f": 0.9215686275
    },
    "nsubj": {
      "p": 0.8385964912,
      "r": 0.8327526132,
      "f": 0.8356643357
    },
    "case": {
      "p": 0.9751434034,
      "r": 0.9788867562,
      "f": 0.9770114943
    },
    "nmod": {
      "p": 0.7982551799,
      "r": 0.8142380423,
      "f": 0.8061674009
    },
    "flat:name": {
      "p": 0.8513513514,
      "r": 0.9064748201,
      "f": 0.8780487805
    },
    "acl": {
      "p": 0.6666666667,
      "r": 0.6260869565,
      "f": 0.6457399103
    },
    "advmod": {
      "p": 0.7902298851,
      "r": 0.787965616,
      "f": 0.7890961263
    },
    "obl": {
      "p": 0.6356275304,
      "r": 0.6474226804,
      "f": 0.6414708887
    },
    "conj": {
      "p": 0.5770750988,
      "r": 0.5551330798,
      "f": 0.5658914729
    },
    "cc": {
      "p": 0.8691983122,
      "r": 0.8917748918,
      "f": 0.8803418803
    },
    "compound": {
      "p": 1.0,
      "r": 0.2857142857,
      "f": 0.4444444444
    },
    "obj": {
      "p": 0.8236472946,
      "r": 0.7858508604,
      "f": 0.8043052838
    },
    "obl:agent": {
      "p": 0.78125,
      "r": 0.8333333333,
      "f": 0.8064516129
    },
    "acl:relcl": {
      "p": 0.6545454545,
      "r": 0.6666666667,
      "f": 0.6605504587
    },
    "mark": {
      "p": 0.8619047619,
      "r": 0.8457943925,
      "f": 0.8537735849
    },
    "advcl": {
      "p": 0.5342465753,
      "r": 0.7027027027,
      "f": 0.6070038911
    },
    "xcomp": {
      "p": 0.7903225806,
      "r": 0.7716535433,
      "f": 0.780876494
    },
    "iobj": {
      "p": 0.5714285714,
      "r": 0.1818181818,
      "f": 0.275862069
    },
    "appos": {
      "p": 0.6204819277,
      "r": 0.6167664671,
      "f": 0.6186186186
    },
    "fixed": {
      "p": 0.8113207547,
      "r": 0.7166666667,
      "f": 0.7610619469
    },
    "nummod": {
      "p": 0.9736842105,
      "r": 0.9487179487,
      "f": 0.961038961
    },
    "aux": {
      "p": 0.9193548387,
      "r": 0.890625,
      "f": 0.9047619048
    },
    "csubj": {
      "p": 0.4,
      "r": 0.25,
      "f": 0.3076923077
    },
    "ccomp": {
      "p": 0.6875,
      "r": 0.6346153846,
      "f": 0.66
    },
    "orphan": {
      "p": 0.0,
      "r": 0.0,
      "f": 0.0
    },
    "flat": {
      "p": 1.0,
      "r": 1.0,
      "f": 1.0
    },
    "aux:pass": {
      "p": 0.9850746269,
      "r": 0.9850746269,
      "f": 0.9850746269
    },
    "nsubj:pass": {
      "p": 0.88,
      "r": 0.8301886792,
      "f": 0.854368932
    },
    "parataxis": {
      "p": 0.5254237288,
      "r": 0.3924050633,
      "f": 0.4492753623
    },
    "expl": {
      "p": 0.7307692308,
      "r": 0.95,
      "f": 0.8260869565
    },
    "dep": {
      "p": 0.0,
      "r": 0.0,
      "f": 0.0
    },
    "vocative": {
      "p": 0.0,
      "r": 0.0,
      "f": 0.0
    },
    "discourse": {
      "p": 0.0,
      "r": 0.0,
      "f": 0.0
    },
    "flat:foreign": {
      "p": 0.0,
      "r": 0.0,
      "f": 0.0
    }
  },
  "ents_p": 0.8790470012,
  "ents_r": 0.8800503808,
  "ents_f": 0.8795484049,
  "ents_per_type": {
    "LOC": {
      "p": 0.8982794219,
      "r": 0.917862166,
      "f": 0.9079652174
    },
    "PER": {
      "p": 0.8862689552,
      "r": 0.8976371308,
      "f": 0.8919168204
    },
    "ORG": {
      "p": 0.8400757038,
      "r": 0.7931650659,
      "f": 0.8159466912
    },
    "MISC": {
      "p": 0.7929057685,
      "r": 0.7320542507,
      "f": 0.7612659099
    }
  }
}